{
  "nl_precise": {
    "mean": 333.2448979591837,
    "std": 88.14134732827459,
    "min": 236,
    "max": 527,
    "fb_mean": 168.71428571428572,
    "fb_std": 74.03771561395808,
    "n": 49
  },
  "nl_generic": {
    "mean": 201.10204081632654,
    "std": 46.144810514455095,
    "min": 143,
    "max": 325,
    "fb_mean": 37.326530612244895,
    "fb_std": 26.781825114479876,
    "n": 49
  },
  "raw_json_precise": {
    "mean": 481.6938775510204,
    "std": 152.55261443209693,
    "min": 334,
    "max": 851,
    "fb_mean": 318.16326530612247,
    "fb_std": 141.89863561400315,
    "n": 49
  },
  "raw_json_generic": {
    "mean": 265.16326530612247,
    "std": 64.62628043179477,
    "min": 187,
    "max": 423,
    "fb_mean": 101.63265306122449,
    "fb_std": 48.73597827305093,
    "n": 49
  },
  "hybrid_precise": {
    "mean": 643.4081632653061,
    "std": 225.38004185221487,
    "min": 435,
    "max": 1206,
    "fb_mean": 479.8775510204082,
    "fb_std": 215.91198367362,
    "n": 49
  },
  "hybrid_generic": {
    "mean": 290.59183673469386,
    "std": 85.07837523115253,
    "min": 198,
    "max": 517,
    "fb_mean": 127.06122448979592,
    "fb_std": 72.8140920893938,
    "n": 49
  }
}